payee,amount,date,trAmount,cbAmount,uniqueId
Naturalia Paris,-27.26,2025-12-23,-25,-2.26,Naturalia Paris|2025-12-23|-27.26|:r78:
Boulangerie Delices Du R,-7.20,2025-12-17,,,Boulangerie Delices Du R|2025-12-17|-7.20|:r77:
Pizza Napoli,-16.90,2025-12-11,,,Pizza Napoli|2025-12-11|-16.90|:r76:
Carrefour Market,-23.40,2025-12-05,,,Carrefour Market|2025-12-05|-23.40|:r75:
Meal vouchers credit,110,2025-12-01,,,Meal vouchers credit|2025-12-01|110|:r74:
Naturalia Paris,-27.26,2025-11-23,-25,-2.26,Naturalia Paris|2025-11-23|-27.26|:r73:
Boulangerie Delices Du R,-7.20,2025-11-17,,,Boulangerie Delices Du R|2025-11-17|-7.20|:r72:
Pizza Napoli,-16.90,2025-11-11,,,Pizza Napoli|2025-11-11|-16.90|:r71:
Carrefour Market,-23.40,2025-11-05,,,Carrefour Market|2025-11-05|-23.40|:r70:
Meal vouchers credit,110,2025-11-01,,,Meal vouchers credit|2025-11-01|110|:r6f:
Naturalia Paris,-27.26,2025-10-23,-25,-2.26,Naturalia Paris|2025-10-23|-27.26|:r6e:
Boulangerie Delices Du R,-7.20,2025-10-17,,,Boulangerie Delices Du R|2025-10-17|-7.20|:r6d:
Pizza Napoli,-16.90,2025-10-11,,,Pizza Napoli|2025-10-11|-16.90|:r6c:
Carrefour Market,-23.40,2025-10-05,,,Carrefour Market|2025-10-05|-23.40|:r6b:
Meal vouchers credit,110,2025-10-01,,,Meal vouchers credit|2025-10-01|110|:r6a:
Naturalia Paris,-27.26,2025-09-23,-25,-2.26,Naturalia Paris|2025-09-23|-27.26|:r69:
Boulangerie Delices Du R,-7.20,2025-09-17,,,Boulangerie Delices Du R|2025-09-17|-7.20|:r68:
Pizza Napoli,-16.90,2025-09-11,,,Pizza Napoli|2025-09-11|-16.90|:r67:
Carrefour Market,-23.40,2025-09-05,,,Carrefour Market|2025-09-05|-23.40|:r66:
Meal vouchers credit,110,2025-09-01,,,Meal vouchers credit|2025-09-01|110|:r65:
Naturalia Paris,-27.26,2025-08-23,-25,-2.26,Naturalia Paris|2025-08-23|-27.26|:r64:
Boulangerie Delices Du R,-7.20,2025-08-17,,,Boulangerie Delices Du R|2025-08-17|-7.20|:r63:
Pizza Napoli,-16.90,2025-08-11,,,Pizza Napoli|2025-08-11|-16.90|:r62:
Carrefour Market,-23.40,2025-08-05,,,Carrefour Market|2025-08-05|-23.40|:r61:
Meal vouchers credit,110,2025-08-01,,,Meal vouchers credit|2025-08-01|110|:r60:
Naturalia Paris,-27.26,2025-07-23,-25,-2.26,Naturalia Paris|2025-07-23|-27.26|:r5f:
Boulangerie Delices Du R,-7.20,2025-07-17,,,Boulangerie Delices Du R|2025-07-17|-7.20|:r5e:
Pizza Napoli,-16.90,2025-07-11,,,Pizza Napoli|2025-07-11|-16.90|:r5d:
Carrefour Market,-23.40,2025-07-05,,,Carrefour Market|2025-07-05|-23.40|:r5c:
Meal vouchers credit,110,2025-07-01,,,Meal vouchers credit|2025-07-01|110|:r5b:
Naturalia Paris,-27.26,2025-06-23,-25,-2.26,Naturalia Paris|2025-06-23|-27.26|:r5a:
Boulangerie Delices Du R,-7.20,2025-06-17,,,Boulangerie Delices Du R|2025-06-17|-7.20|:r59:
Pizza Napoli,-16.90,2025-06-11,,,Pizza Napoli|2025-06-11|-16.90|:r58:
Carrefour Market,-23.40,2025-06-05,,,Carrefour Market|2025-06-05|-23.40|:r57:
Meal vouchers credit,110,2025-06-01,,,Meal vouchers credit|2025-06-01|110|:r56:
Naturalia Paris,-27.26,2025-05-23,-25,-2.26,Naturalia Paris|2025-05-23|-27.26|:r55:
Boulangerie Delices Du R,-7.20,2025-05-17,,,Boulangerie Delices Du R|2025-05-17|-7.20|:r54:
Pizza Napoli,-16.90,2025-05-11,,,Pizza Napoli|2025-05-11|-16.90|:r53:
Carrefour Market,-23.40,2025-05-05,,,Carrefour Market|2025-05-05|-23.40|:r52:
Meal vouchers credit,110,2025-05-01,,,Meal vouchers credit|2025-05-01|110|:r51:
Naturalia Paris,-27.26,2025-04-23,-25,-2.26,Naturalia Paris|2025-04-23|-27.26|:r50:
Boulangerie Delices Du R,-7.20,2025-04-17,,,Boulangerie Delices Du R|2025-04-17|-7.20|:r4f:
Pizza Napoli,-16.90,2025-04-11,,,Pizza Napoli|2025-04-11|-16.90|:r4e:
Carrefour Market,-23.40,2025-04-05,,,Carrefour Market|2025-04-05|-23.40|:r4d:
Meal vouchers credit,110,2025-04-01,,,Meal vouchers credit|2025-04-01|110|:r4c:
Naturalia Paris,-27.26,2025-03-23,-25,-2.26,Naturalia Paris|2025-03-23|-27.26|:r4b:
Boulangerie Delices Du R,-7.20,2025-03-17,,,Boulangerie Delices Du R|2025-03-17|-7.20|:r4a:
Pizza Napoli,-16.90,2025-03-11,,,Pizza Napoli|2025-03-11|-16.90|:r49:
Carrefour Market,-23.40,2025-03-05,,,Carrefour Market|2025-03-05|-23.40|:r48:
Meal vouchers credit,110,2025-03-01,,,Meal vouchers credit|2025-03-01|110|:r47:
Naturalia Paris,-27.26,2025-02-23,-25,-2.26,Naturalia Paris|2025-02-23|-27.26|:r46:
Boulangerie Delices Du R,-7.20,2025-02-17,,,Boulangerie Delices Du R|2025-02-17|-7.20|:r45:
Pizza Napoli,-16.90,2025-02-11,,,Pizza Napoli|2025-02-11|-16.90|:r44:
Carrefour Market,-23.40,2025-02-05,,,Carrefour Market|2025-02-05|-23.40|:r43:
Meal vouchers credit,110,2025-02-01,,,Meal vouchers credit|2025-02-01|110|:r42:
Naturalia Paris,-27.26,2025-01-23,-25,-2.26,Naturalia Paris|2025-01-23|-27.26|:r41:
Boulangerie Delices Du R,-7.20,2025-01-17,,,Boulangerie Delices Du R|2025-01-17|-7.20|:r40:
Pizza Napoli,-16.90,2025-01-11,,,Pizza Napoli|2025-01-11|-16.90|:r3f:
Carrefour Market,-23.40,2025-01-05,,,Carrefour Market|2025-01-05|-23.40|:r3e:
Meal vouchers credit,110,2025-01-01,,,Meal vouchers credit|2025-01-01|110|:r3d:
Naturalia Paris,-27.26,2024-12-23,-25,-2.26,Naturalia Paris|2024-12-23|-27.26|:r3c:
Boulangerie Delices Du R,-7.20,2024-12-17,,,Boulangerie Delices Du R|2024-12-17|-7.20|:r3b:
Pizza Napoli,-16.90,2024-12-11,,,Pizza Napoli|2024-12-11|-16.90|:r3a:
Carrefour Market,-23.40,2024-12-05,,,Carrefour Market|2024-12-05|-23.40|:r39:
Meal vouchers credit,110,2024-12-01,,,Meal vouchers credit|2024-12-01|110|:r38:
Naturalia Paris,-27.26,2024-11-23,-25,-2.26,Naturalia Paris|2024-11-23|-27.26|:r37:
Boulangerie Delices Du R,-7.20,2024-11-17,,,Boulangerie Delices Du R|2024-11-17|-7.20|:r36:
Pizza Napoli,-16.90,2024-11-11,,,Pizza Napoli|2024-11-11|-16.90|:r35:
Carrefour Market,-23.40,2024-11-05,,,Carrefour Market|2024-11-05|-23.40|:r34:
Meal vouchers credit,110,2024-11-01,,,Meal vouchers credit|2024-11-01|110|:r33:
Naturalia Paris,-27.26,2024-10-23,-25,-2.26,Naturalia Paris|2024-10-23|-27.26|:r32:
Boulangerie Delices Du R,-7.20,2024-10-17,,,Boulangerie Delices Du R|2024-10-17|-7.20|:r31:
Pizza Napoli,-16.90,2024-10-11,,,Pizza Napoli|2024-10-11|-16.90|:r30:
Carrefour Market,-23.40,2024-10-05,,,Carrefour Market|2024-10-05|-23.40|:r2f:
Meal vouchers credit,110,2024-10-01,,,Meal vouchers credit|2024-10-01|110|:r2e:
Naturalia Paris,-27.26,2024-09-23,-25,-2.26,Naturalia Paris|2024-09-23|-27.26|:r2d:
Boulangerie Delices Du R,-7.20,2024-09-17,,,Boulangerie Delices Du R|2024-09-17|-7.20|:r2c:
Pizza Napoli,-16.90,2024-09-11,,,Pizza Napoli|2024-09-11|-16.90|:r2b:
Carrefour Market,-23.40,2024-09-05,,,Carrefour Market|2024-09-05|-23.40|:r2a:
Meal vouchers credit,110,2024-09-01,,,Meal vouchers credit|2024-09-01|110|:r29:
Naturalia Paris,-27.26,2024-08-23,-25,-2.26,Naturalia Paris|2024-08-23|-27.26|:r28:
Boulangerie Delices Du R,-7.20,2024-08-17,,,Boulangerie Delices Du R|2024-08-17|-7.20|:r27:
Pizza Napoli,-16.90,2024-08-11,,,Pizza Napoli|2024-08-11|-16.90|:r26:
Carrefour Market,-23.40,2024-08-05,,,Carrefour Market|2024-08-05|-23.40|:r25:
Meal vouchers credit,110,2024-08-01,,,Meal vouchers credit|2024-08-01|110|:r24:
Naturalia Paris,-27.26,2024-07-23,-25,-2.26,Naturalia Paris|2024-07-23|-27.26|:r23:
Boulangerie Delices Du R,-7.20,2024-07-17,,,Boulangerie Delices Du R|2024-07-17|-7.20|:r22:
Pizza Napoli,-16.90,2024-07-11,,,Pizza Napoli|2024-07-11|-16.90|:r21:
Carrefour Market,-23.40,2024-07-05,,,Carrefour Market|2024-07-05|-23.40|:r20:
Meal vouchers credit,110,2024-07-01,,,Meal vouchers credit|2024-07-01|110|:r1f:
Naturalia Paris,-27.26,2024-06-23,-25,-2.26,Naturalia Paris|2024-06-23|-27.26|:r1e:
Boulangerie Delices Du R,-7.20,2024-06-17,,,Boulangerie Delices Du R|2024-06-17|-7.20|:r1d:
Pizza Napoli,-16.90,2024-06-11,,,Pizza Napoli|2024-06-11|-16.90|:r1c:
Carrefour Market,-23.40,2024-06-05,,,Carrefour Market|2024-06-05|-23.40|:r1b:
Meal vouchers credit,110,2024-06-01,,,Meal vouchers credit|2024-06-01|110|:r1a:
Naturalia Paris,-27.26,2024-05-23,-25,-2.26,Naturalia Paris|2024-05-23|-27.26|:r19:
Boulangerie Delices Du R,-7.20,2024-05-17,,,Boulangerie Delices Du R|2024-05-17|-7.20|:r18:
Pizza Napoli,-16.90,2024-05-11,,,Pizza Napoli|2024-05-11|-16.90|:r17:
Carrefour Market,-23.40,2024-05-05,,,Carrefour Market|2024-05-05|-23.40|:r16:
Meal vouchers credit,110,2024-05-01,,,Meal vouchers credit|2024-05-01|110|:r15:
Naturalia Paris,-27.26,2024-04-23,-25,-2.26,Naturalia Paris|2024-04-23|-27.26|:r14:
Boulangerie Delices Du R,-7.20,2024-04-17,,,Boulangerie Delices Du R|2024-04-17|-7.20|:r13:
Pizza Napoli,-16.90,2024-04-11,,,Pizza Napoli|2024-04-11|-16.90|:r12:
Carrefour Market,-23.40,2024-04-05,,,Carrefour Market|2024-04-05|-23.40|:r11:
Meal vouchers credit,110,2024-04-01,,,Meal vouchers credit|2024-04-01|110|:r10:
Naturalia Paris,-27.26,2024-03-23,-25,-2.26,Naturalia Paris|2024-03-23|-27.26|:rf:
Boulangerie Delices Du R,-7.20,2024-03-17,,,Boulangerie Delices Du R|2024-03-17|-7.20|:re:
Pizza Napoli,-16.90,2024-03-11,,,Pizza Napoli|2024-03-11|-16.90|:rd:
Carrefour Market,-23.40,2024-03-05,,,Carrefour Market|2024-03-05|-23.40|:rc:
Meal vouchers credit,110,2024-03-01,,,Meal vouchers credit|2024-03-01|110|:rb:
Naturalia Paris,-27.26,2024-02-23,-25,-2.26,Naturalia Paris|2024-02-23|-27.26|:ra:
Boulangerie Delices Du R,-7.20,2024-02-17,,,Boulangerie Delices Du R|2024-02-17|-7.20|:r9:
Pizza Napoli,-16.90,2024-02-11,,,Pizza Napoli|2024-02-11|-16.90|:r8:
Carrefour Market,-23.40,2024-02-05,,,Carrefour Market|2024-02-05|-23.40|:r7:
Meal vouchers credit,110,2024-02-01,,,Meal vouchers credit|2024-02-01|110|:r6:
Naturalia Paris,-27.26,2024-01-23,-25,-2.26,Naturalia Paris|2024-01-23|-27.26|:r5:
Boulangerie Delices Du R,-7.20,2024-01-17,,,Boulangerie Delices Du R|2024-01-17|-7.20|:r4:
Pizza Napoli,-16.90,2024-01-11,,,Pizza Napoli|2024-01-11|-16.90|:r3:
Carrefour Market,-23.40,2024-01-05,,,Carrefour Market|2024-01-05|-23.40|:r2:
Meal vouchers credit,110,2024-01-01,,,Meal vouchers credit|2024-01-01|110|:r1:
