Date de comptabilisation;Libelle simplifie;Libelle operation;Reference;Informations complementaires;Type operation;Categorie;Sous categorie;Debit;Credit;Date operation;Date de valeur;Pointage operation
31/12/2025;INTERETS 2025;INTERETS 2025;;M JOHN DOE-;Divers;A categoriser - rentree d'argent;Rentree d'argent - a categoriser;;+131,07;31/12/2025;31/12/2025;0
15/12/2025;VIREMENT VERS LIVRET A;VIREMENT VERS LIVRET A;2508859IN0000088;;Virement;Transaction exclue;Virement interne;;+300,00;15/12/2025;15/12/2025;0
15/11/2025;VIREMENT VERS LIVRET A;VIREMENT VERS LIVRET A;2508459IN0000084;;Virement;Transaction exclue;Virement interne;;+300,00;15/11/2025;15/11/2025;0
15/10/2025;VIREMENT VERS LIVRET A;VIREMENT VERS LIVRET A;2508259IN0000082;;Virement;Transaction exclue;Virement interne;;+300,00;15/10/2025;15/10/2025;0
15/09/2025;VIREMENT VERS LIVRET A;VIREMENT VERS LIVRET A;2507959IN0000079;;Virement;Transaction exclue;Virement interne;;+300,00;15/09/2025;15/09/2025;0
15/08/2025;VIREMENT VERS LIVRET A;VIREMENT VERS LIVRET A;2507559IN0000075;;Virement;Transaction exclue;Virement interne;;+300,00;15/08/2025;15/08/2025;0
15/07/2025;VIREMENT VERS LIVRET A;VIREMENT VERS LIVRET A;2507259IN0000072;;Virement;Transaction exclue;Virement interne;;+300,00;15/07/2025;15/07/2025;0
15/06/2025;VIREMENT VERS LIVRET A;VIREMENT VERS LIVRET A;2506959IN0000069;;Virement;Transaction exclue;Virement interne;;+300,00;15/06/2025;15/06/2025;0
10/06/2025;VIREMENT VERS COMPTE DE DEPOT;VIREMENT VERS COMPTE DE DEPOT;2509859IN0000098;;Virement;Transaction exclue;Virement interne;-500,00;;10/06/2025;10/06/2025;0
15/05/2025;VIREMENT VERS LIVRET A;VIREMENT VERS LIVRET A;2506559IN0000065;;Virement;Transaction exclue;Virement interne;;+300,00;15/05/2025;15/05/2025;0
15/04/2025;VIREMENT VERS LIVRET A;VIREMENT VERS LIVRET A;2506359IN0000063;;Virement;Transaction exclue;Virement interne;;+300,00;15/04/2025;15/04/2025;0
15/03/2025;VIREMENT VERS LIVRET A;VIREMENT VERS LIVRET A;2506059IN0000060;;Virement;Transaction exclue;Virement interne;;+300,00;15/03/2025;15/03/2025;0
15/02/2025;VIREMENT VERS LIVRET A;VIREMENT VERS LIVRET A;2505659IN0000056;;Virement;Transaction exclue;Virement interne;;+300,00;15/02/2025;15/02/2025;0
15/01/2025;VIREMENT VERS LIVRET A;VIREMENT VERS LIVRET A;2505359IN0000053;;Virement;Transaction exclue;Virement interne;;+300,00;15/01/2025;15/01/2025;0
06/01/2025;VIREMENT INTERNE;VIREMENT INTERNE;;CLOTURE LIVRET JEUNE;Virement;Transaction exclue;Virement interne;;+1425,00;06/01/2025;06/01/2025;0
31/12/2024;INTERETS 2024;INTERETS 2024;;M JOHN DOE-;Divers;A categoriser - rentree d'argent;Rentree d'argent - a categoriser;;+112,85;31/12/2024;31/12/2024;0
15/12/2024;VIREMENT VERS LIVRET A;VIREMENT VERS LIVRET A;2404759IN0000047;;Virement;Transaction exclue;Virement interne;;+300,00;15/12/2024;15/12/2024;0
15/11/2024;VIREMENT VERS LIVRET A;VIREMENT VERS LIVRET A;2404259IN0000042;;Virement;Transaction exclue;Virement interne;;+300,00;15/11/2024;15/11/2024;0
15/10/2024;VIREMENT VERS LIVRET A;VIREMENT VERS LIVRET A;2403959IN0000039;;Virement;Transaction exclue;Virement interne;;+300,00;15/10/2024;15/10/2024;0
15/09/2024;VIREMENT VERS LIVRET A;VIREMENT VERS LIVRET A;2403559IN0000035;;Virement;Transaction exclue;Virement interne;;+300,00;15/09/2024;15/09/2024;0
15/08/2024;VIREMENT VERS LIVRET A;VIREMENT VERS LIVRET A;2403059IN0000030;;Virement;Transaction exclue;Virement interne;;+300,00;15/08/2024;15/08/2024;0
15/07/2024;VIREMENT VERS LIVRET A;VIREMENT VERS LIVRET A;2402659IN0000026;;Virement;Transaction exclue;Virement interne;;+300,00;15/07/2024;15/07/2024;0
15/06/2024;VIREMENT VERS LIVRET A;VIREMENT VERS LIVRET A;2402259IN0000022;;Virement;Transaction exclue;Virement interne;;+300,00;15/06/2024;15/06/2024;0
15/05/2024;VIREMENT VERS LIVRET A;VIREMENT VERS LIVRET A;2401759IN0000017;;Virement;Transaction exclue;Virement interne;;+300,00;15/05/2024;15/05/2024;0
15/04/2024;VIREMENT VERS LIVRET A;VIREMENT VERS LIVRET A;2401459IN0000014;;Virement;Transaction exclue;Virement interne;;+300,00;15/04/2024;15/04/2024;0
15/03/2024;VIREMENT VERS LIVRET A;VIREMENT VERS LIVRET A;2401059IN0000010;;Virement;Transaction exclue;Virement interne;;+300,00;15/03/2024;15/03/2024;0
15/02/2024;VIREMENT VERS LIVRET A;VIREMENT VERS LIVRET A;2400559IN0000005;;Virement;Transaction exclue;Virement interne;;+300,00;15/02/2024;15/02/2024;0
15/01/2024;VIREMENT VERS LIVRET A;VIREMENT VERS LIVRET A;2400159IN0000001;;Virement;Transaction exclue;Virement interne;;+300,00;15/01/2024;15/01/2024;0
